{"loss": [0.4689381420612335, 0.16012832522392273, 0.11531092971563339, 0.09910959750413895, 0.08756805211305618], "accuracy": [0.8507037162780762, 0.9504444599151611, 0.9641481637954712, 0.9702592492103577, 0.9728888869285583], "val_loss": [0.08433868736028671, 0.05124898627400398, 0.03994321450591087, 0.03514309599995613, 0.03516155853867531], "val_accuracy": [0.9750000238418579, 0.9850000143051147, 0.9878333210945129, 0.9893333315849304, 0.9891666769981384]}